Epoch Time,Processing Source,Mean Barometric Pressure (hPa),Latitude (deg),Longitude (deg)
1773014400,hdr,1006.61,43.4374785,-70.3493225
1773014700,hdr,1006.71,43.4374722,-70.3493265
1773015000,hdr,1006.81,43.4374673,-70.3493142
1773015300,hdr,1006.86,43.4374813,-70.3493275
1773015600,hdr,1006.91,43.437474,-70.3493437
1773015600,embedded,1006.4,43.4374667,-70.3493333
1773015900,hdr,1006.97,43.4374745,-70.3493242
1773016200,hdr,1007.12,43.4374767,-70.3493337
1773016500,hdr,1007.21,43.4374838,-70.3493232
1773016800,hdr,1007.21,43.4374838,-70.3493223
1773017100,hdr,1007.26,43.437489,-70.3493133
1773017400,hdr,1007.3,43.4375093,-70.3493255
1773017700,hdr,1007.4,43.4375183,-70.3493067
1773018000,hdr,1007.51,43.4374923,-70.3493175
1773018300,hdr,1007.58,43.43748,-70.3493133
1773018600,hdr,1007.74,43.4374738,-70.349326
1773018900,hdr,1007.91,43.4374905,-70.3493195
1773019200,embedded,1007.4,43.4374667,-70.3493167
1773019200,hdr,1008.08,43.437471,-70.3493342
1773019500,hdr,1008.13,43.4374678,-70.3493365
1773019800,hdr,1008.14,43.4374778,-70.349339
1773020100,hdr,1008.21,43.4374818,-70.3493387
1773020400,hdr,1008.25,43.4374792,-70.3493318
1773020700,hdr,1008.34,43.4375003,-70.3493318
1773021000,hdr,1008.42,43.4374823,-70.3493332
1773021300,hdr,1008.5,43.43747,-70.3493383
1773021600,hdr,1008.5,43.4374997,-70.3493563
1773021900,hdr,1008.56,43.4374725,-70.3493477
1773022200,hdr,1008.6,43.4374403,-70.34935
1773022500,hdr,1008.62,43.4374833,-70.349402
1773022800,hdr,1008.62,43.4374917,-70.3493883
1773022800,embedded,1008.4,43.4374833,-70.3493833
1773023100,hdr,1008.69,43.4374677,-70.3493777
1773023400,hdr,1008.73,43.437466,-70.349392
1773023700,hdr,1008.84,43.4374713,-70.3493833
1773024000,hdr,1008.85,43.4374683,-70.3493933
1773024300,hdr,1008.87,43.4374868,-70.3494077
1773024600,hdr,1008.9,43.4374427,-70.3493748
1773024900,hdr,1008.89,43.4374562,-70.3494235
1773025200,hdr,1008.9,43.4374482,-70.3494285
1773025500,hdr,1008.92,43.4374283,-70.3494077
1773025800,hdr,1008.92,43.4374365,-70.3494457
1773026100,hdr,1008.97,43.4374425,-70.3494538
1773026400,hdr,1008.91,43.437428,-70.3494733
1773026400,embedded,1008.9,43.4374333,-70.34945
1773026700,hdr,1008.91,43.4374237,-70.3494558
1773027000,hdr,1008.99,43.4374448,-70.3494395
1773027300,hdr,1009.01,43.4374707,-70.3494158
1773027600,hdr,1009.06,43.4374515,-70.3493918
1773027900,hdr,1009.19,43.4374563,-70.3494335
1773028200,hdr,1009.24,43.4374788,-70.3494595
1773028500,hdr,1009.31,43.4374692,-70.3494207
1773028800,hdr,1009.27,43.437474,-70.3493973
1773029100,hdr,1009.28,43.4374768,-70.3493782
1773029400,hdr,1009.26,43.4374758,-70.3493987
1773029700,hdr,1009.34,43.4374765,-70.3493892
1773030000,embedded,1009.2,43.43745,-70.3493833
1773030000,hdr,1009.38,43.4374498,-70.3493852
1773030300,hdr,1009.46,43.437487,-70.3494578
1773030600,hdr,1009.54,43.4374835,-70.3494442
1773030900,hdr,1009.63,43.4374537,-70.3494462
1773031200,hdr,1009.71,43.4374462,-70.3494705
1773031500,hdr,1009.85,43.4374313,-70.3494775
1773031800,hdr,1009.85,43.4374433,-70.3495275
1773032100,hdr,1009.93,43.4374383,-70.3495292
1773032400,hdr,1010.01,43.4374347,-70.3495137
1773032700,hdr,1010.08,43.4374557,-70.3495255
1773033000,hdr,1010.04,43.4375012,-70.3495472
1773033300,hdr,1010.08,43.437508,-70.3495008
1773033600,hdr,1010.15,43.4374872,-70.3494472
1773033600,embedded,1009.9,43.4374667,-70.34945
1773033900,hdr,1010.12,43.4374925,-70.3494402
1773034200,hdr,1010.18,43.4374825,-70.34945
1773034500,hdr,1010.24,43.4374722,-70.3494625
1773034800,hdr,1010.41,43.4374815,-70.3494515
1773035100,hdr,1010.46,43.4374972,-70.349444
1773035400,hdr,1010.46,43.4375142,-70.3494363
1773035700,hdr,1010.54,43.4375168,-70.3494815
1773036000,hdr,1010.68,43.4375125,-70.3494425
1773036300,hdr,1010.77,43.4375147,-70.3494978
1773036600,hdr,1010.83,43.4375215,-70.349495
1773036900,hdr,1010.98,43.4374947,-70.3495322
1773037200,hdr,1011.09,43.437509,-70.349553
1773037200,embedded,1010.6,43.4375,-70.3495333
1773037500,hdr,1011.12,43.4374975,-70.3495478
1773037800,hdr,1011.15,43.4375115,-70.3495948
1773038100,hdr,1011.11,43.4375127,-70.3495662
1773038400,hdr,1011.13,43.4375088,-70.349549
1773038700,hdr,1011.12,43.4375517,-70.3495455
1773039000,hdr,1011.09,43.437566,-70.349529
1773039300,hdr,1011.08,43.4375728,-70.3494833
1773039600,hdr,1011.08,43.4375708,-70.3494572
1773039900,hdr,1011.1,43.437585,-70.349497
1773040200,hdr,1011.09,43.4375718,-70.3494847
1773040500,hdr,1011.21,43.4375603,-70.349498
1773040800,embedded,1011.1,43.4375333,-70.3495167
1773040800,hdr,1011.36,43.4375437,-70.3495307
1773041100,hdr,1011.43,43.4375395,-70.3495508
1773041400,hdr,1011.46,43.4375263,-70.3495807
1773041700,hdr,1011.45,43.4375237,-70.3495745
1773042000,hdr,1011.5,43.437509,-70.3495775
1773042300,hdr,1011.57,43.4375048,-70.3495668
1773042600,hdr,1011.59,43.4375075,-70.3495822
1773042900,hdr,1011.59,43.4375175,-70.3495802
1773043200,hdr,1011.6,43.4375052,-70.3495762
1773043500,hdr,1011.58,43.4375157,-70.3495918
1773043800,hdr,1011.56,43.4375202,-70.3495722
1773044100,hdr,1011.62,43.4375258,-70.3495892
1773044400,hdr,1011.65,43.437514,-70.3495798
1773044400,embedded,1011.5,43.4375,-70.3495667
1773044700,hdr,1011.67,43.4374965,-70.3495955
1773045000,hdr,1011.7,43.4375125,-70.3496023
1773045300,hdr,1011.67,43.437504,-70.3495953
1773045600,hdr,1011.75,43.4375047,-70.3495858
1773045900,hdr,1011.76,43.4375053,-70.3495927
1773046200,hdr,1011.76,43.4375287,-70.3495947
1773046500,hdr,1011.76,43.437514,-70.3495807
1773046800,hdr,1011.7,43.4375133,-70.3495893
1773047100,hdr,1011.68,43.437531,-70.3495898
1773047400,hdr,1011.79,43.437533,-70.3495895
1773047700,hdr,1011.89,43.4375348,-70.3495705
1773048000,hdr,1011.97,43.4375615,-70.3495525
1773048000,embedded,1011.8000000000001,43.43755,-70.34955
1773048300,hdr,1012.03,43.4375562,-70.3495377
1773048600,hdr,1012.07,43.4375493,-70.3495507
1773048900,hdr,1012.09,43.4375522,-70.3495322
1773049200,hdr,1012.18,43.4375517,-70.349528
1773049500,hdr,1012.16,43.4375598,-70.3495345
1773049800,hdr,1012.17,43.4375588,-70.3494973
1773050100,hdr,1012.18,43.4375555,-70.3494673
1773050400,hdr,1012.13,43.4375727,-70.3494632
1773050700,hdr,1012.12,43.4375735,-70.3494438
1773051000,hdr,1012.16,43.4375658,-70.349415
1773051300,hdr,1012.22,43.437575,-70.349433
1773051600,embedded,1012.1,43.43755,-70.3494167
1773051600,hdr,1012.23,43.4375645,-70.349423
1773051900,hdr,1012.24,43.4375668,-70.3494265
1773052200,hdr,1012.37,43.4375695,-70.3494297
1773052500,hdr,1012.4,43.437571,-70.349431
1773052800,hdr,1012.51,43.4375643,-70.3494287
1773053100,hdr,1012.64,43.4375728,-70.3494333
1773053400,hdr,1012.67,43.437571,-70.3494252
1773053700,hdr,1012.68,43.437573,-70.3494403
1773054000,hdr,1012.84,43.4375517,-70.3493993
1773054300,hdr,1012.92,43.4375405,-70.3494173
1773054600,hdr,1012.99,43.4375505,-70.3494227
1773054900,hdr,1013.13,43.4375653,-70.3494333
1773055200,hdr,1013.17,43.4375755,-70.3494328
1773055200,embedded,1012.7,43.4375667,-70.3494167
1773055500,hdr,1013.28,43.437576,-70.3494197
1773055800,hdr,1013.28,43.4375687,-70.34939
1773056100,hdr,1013.32,43.4375707,-70.3494005
1773056400,hdr,1013.42,43.4375658,-70.3493928
1773056700,hdr,1013.43,43.4375602,-70.3493975
1773057000,hdr,1013.62,43.4375558,-70.3493933
1773057300,hdr,1013.68,43.4375548,-70.3493737
1773057600,hdr,1013.73,43.437573,-70.3493787
1773057900,hdr,1013.76,43.437579,-70.3493828
1773058200,hdr,1013.86,43.4375602,-70.3493818
1773058500,hdr,1013.89,43.4375278,-70.3493607
1773058800,hdr,1013.94,43.4375592,-70.3493925
1773058800,embedded,1013.6,43.43755,-70.3493833
1773059100,hdr,1014.03,43.4375425,-70.349385
1773059400,hdr,1014.14,43.437545,-70.3493822
1773059700,hdr,1014.25,43.4375565,-70.349388
1773060000,hdr,1014.39,43.4375682,-70.3493952
1773060300,hdr,1014.38,43.4375687,-70.3494077
1773060600,hdr,1014.36,43.4375723,-70.3494122
1773060900,hdr,1014.35,43.4375795,-70.3494082
1773061200,hdr,1014.49,43.4375747,-70.3494128
1773061500,hdr,1014.6,43.4375822,-70.3494152
1773061800,hdr,1014.58,43.4375902,-70.3494167
1773062100,hdr,1014.5,43.4375742,-70.3494007
1773062400,embedded,1014.4,43.4375667,-70.3494
1773062400,hdr,1014.56,43.4375738,-70.3494093
1773062700,hdr,1014.66,43.437573,-70.3494042
1773063000,hdr,1014.88,43.4376042,-70.3494387
1773063300,hdr,1014.91,43.437611,-70.3494443
1773063600,hdr,1014.93,43.4376005,-70.3494135
1773063900,hdr,1015.01,43.4376068,-70.3494198
1773064200,hdr,1015.03,43.4376082,-70.3494197
1773064500,hdr,1015.03,43.4375957,-70.3494023
1773064800,hdr,1015.03,43.4375942,-70.3493933
1773065100,hdr,1014.98,43.4376052,-70.349419
1773065400,hdr,1014.91,43.4376048,-70.3494237
1773065700,hdr,1014.81,43.4376078,-70.3494232
1773066000,embedded,1014.9,43.4376,-70.3494167
1773066000,hdr,1014.8,43.4376122,-70.3494205
1773066300,hdr,1014.78,43.4376222,-70.3494483
1773066600,hdr,1014.78,43.4376133,-70.3494387
1773066900,hdr,1014.84,43.4376047,-70.3494185
1773067200,hdr,1014.84,43.4375937,-70.349416
1773067500,hdr,1014.74,43.4376092,-70.349428
1773067800,hdr,1014.61,43.4376208,-70.3494477
1773068100,hdr,1014.4,43.437626,-70.3494487
1773068400,hdr,1014.37,43.4376203,-70.349426
1773068700,hdr,1014.34,43.4376102,-70.3494168
1773069000,hdr,1014.31,43.4376102,-70.3494018
1773069300,hdr,1014.33,43.4376073,-70.3494075
1773069600,hdr,1014.28,43.4376112,-70.3494072
1773069600,embedded,1014.6,43.4376167,-70.3494
1773069900,hdr,1014.32,43.4375973,-70.3494003
1773070200,hdr,1014.25,43.4376125,-70.349424
1773070500,hdr,1014.17,43.4376052,-70.3494188
1773070800,hdr,1014.25,43.4376157,-70.349416
1773071100,hdr,1014.34,43.4375993,-70.34941
1773071400,hdr,1014.33,43.4376067,-70.3494173
1773071700,hdr,1014.3,43.4376023,-70.3494202
1773072000,hdr,1014.3,43.4376122,-70.3494247
1773072300,hdr,1014.24,43.4376208,-70.349432
1773072600,hdr,1014.26,43.4376087,-70.3494145
1773072900,hdr,1014.25,43.4376163,-70.3494278
1773073200,embedded,1014.3000000000001,43.4376167,-70.3494167
1773073200,hdr,1014.25,43.4376237,-70.3494253
1773073500,hdr,1014.2,43.4376192,-70.3494357
1773073800,hdr,1014.15,43.4376202,-70.3494417
1773074100,hdr,1014.07,43.4376047,-70.3494317
1773074400,hdr,1013.95,43.4375942,-70.3494237
1773074700,hdr,1013.96,43.4376013,-70.349448
1773075000,hdr,1014.06,43.4376145,-70.3494393
1773075300,hdr,1014.05,43.4376083,-70.349439
1773075600,hdr,1014.09,43.4376073,-70.3494493
1773075900,hdr,1014.03,43.4376128,-70.3494763
1773076200,hdr,1014.01,43.4376107,-70.3494602
1773076500,hdr,1013.97,43.4376127,-70.3494613
1773076800,hdr,1013.95,43.4376155,-70.3494582
1773076800,embedded,1014.0,43.4376,-70.34945
1773077100,hdr,1013.87,43.4376072,-70.3494625
1773077400,hdr,1013.77,43.4376067,-70.349445
1773077700,hdr,1013.63,43.437621,-70.3494557
1773078000,hdr,1013.46,43.4376055,-70.349435
1773078300,hdr,1013.32,43.4376087,-70.3494627
1773078600,hdr,1013.23,43.437599,-70.3494492
1773078900,hdr,1013.14,43.4375987,-70.3494545
1773079200,hdr,1013.11,43.4375925,-70.3494325
1773079500,hdr,1013.01,43.4375977,-70.3494337
1773079800,hdr,1012.92,43.4375865,-70.3494218
1773080100,hdr,1012.9,43.4375863,-70.3494238
1773080400,embedded,1013.3000000000001,43.4375833,-70.34945
1773080400,hdr,1012.8,43.4375897,-70.3494488
1773080700,hdr,1012.78,43.4375802,-70.3494987
1773081000,hdr,1012.74,43.4375763,-70.3495035
1773081300,hdr,1012.64,43.4375707,-70.3495102
1773081600,hdr,1012.51,43.4375688,-70.3495412
1773081900,hdr,1012.42,43.437557,-70.3495635
1773082200,hdr,1012.39,43.4375672,-70.349559
1773082500,hdr,1012.37,43.4375923,-70.3495358
1773082800,hdr,1012.42,43.4375667,-70.349532
1773083100,hdr,1012.4,43.4375578,-70.349515
1773083400,hdr,1012.28,43.4375583,-70.349535
1773083700,hdr,1012.13,43.4375432,-70.349538
1773084000,embedded,1012.4,43.4375667,-70.3495333
1773084000,hdr,1012.03,43.4375543,-70.3495418
1773084300,hdr,1011.95,43.437558,-70.3495282
1773084600,hdr,1011.9,43.4375497,-70.3495023
1773084900,hdr,1011.78,43.4375523,-70.3494547
1773085200,hdr,1011.66,43.4375762,-70.3494422
1773085500,hdr,1011.56,43.4375598,-70.3494063
1773085800,hdr,1011.48,43.4375628,-70.3494063
1773086100,hdr,1011.41,43.4375623,-70.3494123
1773086400,hdr,1011.33,43.437573,-70.349423
1773086700,hdr,1011.27,43.4375687,-70.3494168
1773087000,hdr,1011.22,43.4375585,-70.3494092
1773087300,hdr,1011.18,43.437539,-70.3494218
1773087600,hdr,1011.13,43.437562,-70.349441
1773087600,embedded,1011.5,43.43755,-70.3494333
1773087900,hdr,1011.05,43.4375638,-70.3494072
1773088200,hdr,1010.92,43.437577,-70.3493848
1773088500,hdr,1010.81,43.4375692,-70.349377
1773088800,hdr,1010.75,43.4375687,-70.349382
1773089100,hdr,1010.76,43.437568,-70.3493848
1773089400,hdr,1010.75,43.4375555,-70.3493762
1773089700,hdr,1010.71,43.4375543,-70.3493768
1773090300,hdr,1010.55,43.437566,-70.349376
1773090600,hdr,1010.45,43.4375605,-70.349368
1773090900,hdr,1010.47,43.4375657,-70.3493723
1773091200,hdr,1010.46,43.4375448,-70.3493715
1773091200,embedded,1010.7,43.43755,-70.3493667
1773091500,hdr,1010.46,43.437524,-70.349369
1773091800,hdr,1010.38,43.437521,-70.3493667
1773092100,hdr,1010.35,43.4374987,-70.3493477
1773092400,hdr,1010.24,43.4375137,-70.3493662
1773092700,hdr,1010.24,43.4374692,-70.3493678
1773093000,hdr,1010.3,43.4374673,-70.3493623
1773093300,hdr,1010.36,43.4374468,-70.3493717
1773093600,hdr,1010.37,43.437449,-70.3493767
1773093900,hdr,1010.35,43.4374665,-70.349386
1773094200,hdr,1010.25,43.4374625,-70.3493782
1773094500,hdr,1010.23,43.4374512,-70.3494013
1773094800,hdr,1010.24,43.4374647,-70.3494052
1773094800,embedded,1010.3000000000001,43.4374667,-70.3493833
1773095100,hdr,1010.24,43.437447,-70.3493985
1773095400,hdr,1010.19,43.4374338,-70.3494067
1773095700,hdr,1010.14,43.4374408,-70.349416
1773096000,hdr,1010.13,43.4374777,-70.3494303
1773096300,hdr,1010.13,43.4375277,-70.3494702
1773096600,hdr,1010.18,43.4375468,-70.3494723
1773096900,hdr,1010.21,43.4375863,-70.3494335
1773097200,hdr,1010.16,43.4375867,-70.3494133
1773097500,hdr,1010.29,43.4375795,-70.3494163
1773097800,hdr,1010.4,43.4375783,-70.3493955
1773098100,hdr,1010.52,43.4375887,-70.3494187
1773098400,hdr,1010.66,43.4375853,-70.3493878
1773098400,embedded,1010.3000000000001,43.4375667,-70.3493833
1773098700,hdr,1010.81,43.437597,-70.349386
1773099000,hdr,1010.97,43.4375897,-70.3493737
1773099300,hdr,1011.05,43.4376042,-70.3493842
1773099600,hdr,1011.14,43.4375987,-70.3493858
1773099900,hdr,1011.18,43.4376098,-70.3494195
1773100200,hdr,1011.23,43.4376095,-70.349414
1773100500,hdr,1011.2,43.4376178,-70.3494227
