Epoch Time,Processing Source,Battery Voltage (V),Power (W),Humidity (%rel),Solar Voltage (V),Comm Source
1790278200,status,4.03,0,15.43,7.36,cellular
1790279100,status,4.04,0.12,15.05,7.22,cellular
1790281800,status,4.03,0,14.83,7.29,cellular
1790282700,status,4.03,0,15.12,7.25,cellular
1790291131,status,4.01,-0.71,19.2,0.89,cellular
1790299200,status,4.01,-0.27,23.2,0.11,cellular
1790321400,status,3.97,-0.16,27.88,0.1,cellular
1790343000,status,4.05,1.46,26.2,5.69,cellular
1790360400,status,4.04,0.1,21.6,7,cellular
1790373600,status,4.04,-0.04,23.55,5.61,cellular
1790385600,status,4.01,-0.27,25.6,0.11,cellular
1790407800,status,3.97,-0.16,27.41,0.12,cellular
1790426130,status,3.93,-0.34,27.2,5.56,cellular
1790442330,status,4.01,0.29,25.6,5.56,cellular
1790451000,status,4.04,0.61,25.75,5.62,cellular
1790461800,status,4.01,-0.16,26.55,4.19,cellular
1790472000,status,3.99,-0.27,27.2,0.11,cellular
1790495100,status,3.93,-0.71,28.33,0.12,cellular
1790516700,status,3.9,-0.58,28.56,5.61,cellular
1790533200,status,3.9,-0.1,28,5.56,cellular
1790546400,status,3.9,-0.16,27.86,4.35,cellular
1790555730,status,3.87,-0.68,28.8,0.11,cellular
1790577331,status,3.84,-0.67,28.8,0.11,cellular
1790608800,status,3.81,-0.11,28.8,5.56,cellular
1790631330,status,3.79,-0.71,28,5.56,cellular
1790646300,status,3.78,-0.23,29.15,0.11,cellular
1790670000,status,3.76,-0.27,29.6,0.11,cellular
1790696130,status,3.81,0.43,24.8,5.67,cellular
1790713800,status,3.83,0,24.22,5.61,cellular
1790727600,status,3.81,-0.27,26.4,0.11,cellular
1790750130,status,3.76,-0.68,28,0.11,cellular
1790775000,status,3.75,0.11,27.08,5.61,cellular
1790794800,status,3.82,0.27,23.02,5.61,cellular
1790808300,status,3.79,-0.72,24.39,3.18,cellular
1790820330,status,3.76,-0.74,27.2,0.11,cellular
1790844300,status,3.74,-0.71,28.39,0.12,cellular
1790871600,status,3.9,1.63,19.2,5.78,cellular
1790890530,status,3.9,-0.7,22.4,5.56,cellular
1790904600,status,3.9,-0.16,25.89,0.13,cellular
1790929200,status,3.87,-0.27,27.2,0.11,cellular
1790955330,status,4.01,1.26,21.6,5.67,cellular
1790973000,status,4.04,0.16,22.97,5.62,cellular
1790986800,status,4.01,-0.27,25.6,0.11,cellular
1791008400,status,3.96,-0.27,27.2,0.11,cellular
1791030000,status,4.01,1.58,29.6,5.67,cellular
1791047130,status,4.04,0,16.8,7,cellular
1791055800,status,4.03,0,18.73,7.44,cellular
1791067500,status,4.02,-0.72,21.67,3.44,cellular
1791080400,status,4.01,-0.27,26.4,0.11,cellular
1791106530,status,3.93,-0.73,29.6,0.11,cellular
1791127200,status,4.04,0.43,23.2,7,cellular
